,Instructor ID,Instructor name,E-mail ID,Topic_of_interests
0,I1,Veronica Riley,michelledavis@example.org,"['Machine Learning', 'Data Science', 'Natural Language Processing']"
1,I2,Tasha Owens,charlottejones@example.net,"['Mathematics', 'Data Science', 'python', 'Artificial Intelligence']"
2,I3,Lisa Rowe,jamesbranch@example.org,"['Physics', 'Mathematics', 'Chemistry', 'Biology']"
3,I4,Raymond Gay,kimjessica@example.org,"['Literature', 'Histroy', 'English']"
4,I5,Gabrielle Welch,tiffany85@example.org,"['Embedded System', 'Data Communication', 'Digital Systems']"
5,I6,Bernard Miller,melissaalvarado@example.net,"['Computer Science', 'Data Sructures and Algorithms', 'Advanced Data Structures', 'Design and Analysis of Algorithms']"
6,I7,Matthew Stanley,mbrown@example.com,"['Industrial Electronics', 'Digital Systems', 'Embedded System']"
7,I8,John Jones,terri05@example.net,"['C Language', 'Java', 'Python', 'C++']"
8,I9,Mark Gomez,williamselizabeth@example.net,"['Python', 'Data Science', 'Data Structures and Algorithms']"
9,I10,Taylor Brandt,andrew07@example.org,"['Java', 'Mathematics']"
10,I11,Wanda Davis,thompsonsarah@example.com,"['Web Development', 'Javascript', 'HTML', 'CSS']"
11,I12,Carol Rice,mariaevans@example.net,"['HTML', 'CSS', 'Bootstrap', 'PHP', 'Javascript']"
12,I13,Eric Pena,qlewis@example.net,['Web Dvelopment']
13,I14,Charles Lowe,aaron42@example.com,"['Pyhton', 'Mathematics', 'Machine Learning', 'Web Development']"
14,I15,Erika Miller,davisbrittney@example.com,"['Object Oriented Proramming', 'Database Management System', 'Internet of Things']"
15,I16,David Sanchez,jcastro@example.net,"['Object Oriented Programming', 'Python', 'Machine Learning']"
16,I17,Heather Baker,stacybarnes@example.org,"['History', 'Geography', 'English', 'Mathematics']"
17,I18,Geoffrey Rowe,leonardkristen@example.org,"['Organic_Chemistry', 'Inorganic Chemistry', 'Physical Chemistry']"
18,I19,Katherine King,grantbradford@example.com,"['Physical Chemistry', 'Physics', 'Mathematics']"
19,I20,Sandra Vasquez,cbaldwin@example.com,"['Data Communication', 'Data Science', 'Industrial Electronics']"
20,I21,Wanda Smith,wware@example.org,"['Natural Language Processing', 'Data Engineering']"
21,I22,Nicole Brown,kimberlybowen@example.net,"['Python', 'Web Development']"
22,I23,Donald Watson,jjones@example.net,"['Deep Learning', 'Computer Vision']"
23,I24,Denise Arnold,ocox@example.com,"['Mathe,atics', 'Data Engineering']"
24,I25,Timothy Arroyo,david06@example.net,"['Image Processing', 'Natural Language Processing', 'Mathematics']"
25,I26,Jeffrey Smith,esimmons@example.org,"['Deep Learning', ' Machine Learning']"
26,I27,Christopher Huffman,marcus77@example.com,"['Mathematics', 'Deep Learning', 'Image Processing']"
27,I28,Adrian Burton,sullivancatherine@example.com,"['Chemistry', 'Biology', 'Physics', 'Fluid Mechanics']"
28,I29,Michael Smith,vwest@example.org,"['Control Theory', 'Instrumntation and Control', 'Embedded Systems']"
29,I30,Breanna Bond,cameronteresa@example.net,"['Digital Systems', 'Control Therory', 'Measurement Systems']"
30,I31,Susan Walton,rsmith@example.net,"['Control Theory', 'Measurement Systems']"
31,I32,Leslie Buckley,ppadilla@example.org,"['Machine learning', 'Control Theory', 'Instrumentation and Control']"
32,I33,Gregory Wood,joeberry@example.org,"['Measurement Systems', 'Industrial Electronics']"
33,I34,Barbara Harrison,underwoodpatrick@example.net,"['Object Oriented Programming ', 'Web Development', 'Image Processing']"
34,I35,Gregory Odonnell,emilycunningham@example.net,"['Python', 'Deep Learning']"
35,I36,Maria Keith,krios@example.org,"['Operating System', 'Computer Network Security']"
36,I37,Robert Boyle,dgutierrez@example.org,"['Object Oriented Programming', 'Computer Network Security']"
